{
  "factura": {
    "establecimiento": "EROSKI ONLINE | DOMICILIO",
    "direccion": null,
    "telefono": null,
    "cif": "B95390761",
    "fecha": null,
    "hora": "12:24",
    "numero_ticket": "7831",
    "caja": "2",
    "cajero": "N",
    "id_terminal": null,
    "numero_comercio": null,
    "total": 72.68,
    "iva": [
      {
        "tipo": "4%",
        "base": 20.05,
        "cuota": 0.80
      },
      {
        "tipo": "10%",
        "base": 37.80,
        "cuota": 3.78
      },
      {
        "tipo": "21%",
        "base": 8.47,
        "cuota": 1.78
      }
    ],
    "productos": [
      {
        "nombre": "Aceite de girasol KOIPES",
        "peso": null,
        "precio_unitario": 3.75,
        "precio_total": 3.75,
        "unidades": 1
      },
      {
        "nombre": "Agua con gas FUENTE PRIM",
        "peso": null,
        "precio_unitario": 0.33,
        "precio_total": 0.99,
        "unidades": 3
      },
      {
        "nombre": "Agua mineral EROSKI, bot",
        "peso": null,
        "precio_unitario": 0.22,
        "precio_total": 0.22,
        "unidades": 1
      },
      {
        "nombre": "Berenjena, al peso, comp",
        "peso": null,
        "precio_unitario": 3.95,
        "precio_total": 3.86,
        "unidades": 1
      },
      {
        "nombre": "Brócoli, pieza 500 g",
        "peso": null,
        "precio_unitario": 1.79,
        "precio_total": 1.79,
        "unidades": 1
      },
      {
        "nombre": "Atún claro en aceite vir",
        "peso": null,
        "precio_unitario": 2.25,
        "precio_total": 1.55,
        "descuento": -2.00
      },
      {
        "nombre": "Café Ardenza NESCAFÉ Dol",
        "peso": null,
        "precio_unitario": 4.39,
        "precio_total": 4.39,
        "descuento": -0.39
      },
      {
        "nombre": "Calabacín verde, al pes",
        "peso": null,
        "precio_unitario": 1.24,
        "precio_total": 1.57,
        "unidades": 1
      },
      {
        "nombre": "Cebolla dulce EROSKI Nat",
        "peso": null,
        "precio_unitario": 1.63,
        "precio_total": 1.14,
        "unidades": 1
      },
      {
        "nombre": "Cilantro balear, bandeja",
        "peso": null,
        "precio_unitario": 0.89,
        "precio_total": 0.89,
        "unidades": 1
      },
      {
        "nombre": "Pedido Bolsa Online",
        "peso": null,
        "precio_unitario": 2.05,
        "precio_total": 2.05,
        "unidades": 1
      },
      {
        "nombre": "Cileno de chocolate AMARE",
        "peso": null,
        "precio_unitario": 4.00,
        "precio_total": 4.00,
        "unidades": 1
      },
      {
        "nombre": "Dentífrico blanqueador S",
        "peso": null,
        "precio_unitario": 2.35,
        "precio_total": 2.35,
        "unidades": 2
      },
      {
        "nombre": "Dorada, al peso, fi",
        "peso": null,
        "precio_unitario": 3.35,
        "precio_total": 3.05,
        "unidades": 1
      },
      {
        "nombre": "Guisantes cocidos EROSKI",
        "peso": null,
        "precio_unitario": 1.10,
        "precio_total": 1.49,
        "unidades": 1
      },
      {
        "nombre": "Huevo campero balear ERO",
        "peso": null,
        "precio_unitario": 2.49,
        "precio_total": 1.55,
        "unidades": 1
      },
      {
        "nombre": "Jenible, bandeja 250 g",
        "peso": null,
        "precio_unitario": 0.97,
        "precio_total": 0.87,
        "unidades": 1
      },
      {
        "nombre": "Patata extra, al peso, o",
        "peso": null,
        "precio_unitario": 2.59,
        "precio_total": 1.09,
        "unidades": 1
      },
      {
        "nombre": "Pepino francés balear, a",
        "peso": null,
        "precio_unitario": 0.67,
        "precio_total": 1.19,
        "unidades": 1
      },
      {
        "nombre": "Pimiento italiano, al pes",
        "peso": null,
        "precio_unitario": 2.20,
        "precio_total": 2.20,
        "unidades": 1
      },
      {
        "nombre": "Pimiento rojo, al peso,  ",
        "peso": null,
        "precio_unitario": 2.19,
        "precio_total": 1.56,
        "unidades": 1
      },
      {
        "nombre": "Queso a las finas hierba",
        "peso": null,
        "precio_unitario": 2.19,
        "precio_total": 2.29,
        "unidades": 1
      },
      {
        "nombre": "Rábano balear, bandeja",
        "peso": null,
        "precio_unitario": 1.19,
        "precio_total": 1.19,
        "unidades": 1
      },
      {
        "nombre": "Remolacha cocida, pelada",
        "peso": null,
        "precio_unitario": 0.99,
        "precio_total": 0.99,
        "unidades": 1
      },
      {
        "nombre": "Rúcula FLORETTE, bolsa 5 ",
        "peso": null,
        "precio_unitario": 1.00,
        "precio_total": 1.00,
        "unidades": 1
      },
      {
        "nombre": "Salchón ahumado EROSKI SE",
        "peso": null,
        "precio_unitario": 4.79,
        "precio_total": 4.79,
        "unidades": 1
      },
      {
        "nombre": "Yogur artesana natural",
        "peso": null,
        "precio_unitario": 1.29,
        "precio_total": 1.29,
        "unidades": 1
      },
      {
        "nombre": "Zanahoría, bolsa 1 kg",
        "peso": null,
        "precio_unitario": 0.75,
        "precio_total": 0.75,
        "unidades": 1
      }
    ]
  }
}